Player,Share,Age,G,MP,PTS,TRB,AST,STL,BLK,FG%,3P%,FT%,WS,WS/48
Julius Erving\ervinju01,0.658,30,82,35,24.6,8,4.4,2.1,1.8,0.521,0.222,0.787,13.8,0.231
Larry Bird\birdla01,0.613,24,82,39.5,21.2,10.9,5.5,2,0.8,0.478,0.27,0.863,10.8,0.16
Kareem Abdul-Jabbar\abdulka01,0.414,33,80,37.2,26.2,10.3,3.4,0.7,2.9,0.574,0,0.766,14.3,0.23
Moses Malone\malonmo01,0.261,25,80,40.6,27.8,14.8,1.8,1,1.9,0.522,0.333,0.757,13.7,0.202
George Gervin\gervige01,0.12,28,82,33.7,27.1,5.1,3.2,1.1,0.7,0.492,0.257,0.826,10.5,0.182
Marques Johnson\johnsma01,0.106,24,76,33.4,20.3,6.8,4.6,1.5,0.5,0.552,0,0.706,11.2,0.211
Robert Parish\parisro01,0.077,27,82,28,18.9,9.5,1.8,1,2.6,0.545,0,0.71,10.9,0.228
Dennis Johnson\johnsde01,0.072,26,79,33.1,18.8,4.6,3.7,1.7,0.8,0.436,0.216,0.82,8.4,0.154
Tiny Archibald\architi01,0.046,32,80,35.3,13.8,2.2,7.7,0.9,0.2,0.499,0,0.816,6.9,0.118
Jamaal Wilkes\wilkeja01,0.028,27,81,37.4,22.6,5.4,2.9,1.5,0.4,0.526,0.077,0.758,8.5,0.135
Magic Johnson\johnsma02,0.026,21,37,37.1,21.6,8.6,8.6,3.4,0.7,0.532,0.176,0.76,6.4,0.225
Adrian Dantley\dantlad01,0.022,25,80,42.7,30.7,6.4,4,1.4,0.2,0.559,0.286,0.806,13.6,0.191
Phil Ford\fordph01,0.022,24,66,34.7,17.5,1.9,8.8,1.5,0.1,0.478,0.306,0.831,5.2,0.11
Bernard King\kingbe01,0.017,24,81,36,21.9,6.8,3.5,0.9,0.4,0.588,0.333,0.703,9.1,0.15
Kelvin Ransey\ranseke01,0.016,22,80,30.4,15.2,2.4,6.9,1.1,0.1,0.452,0.097,0.749,2.8,0.056
Jack Sikma\sikmaja01,0.016,25,82,35.6,18.7,10.4,3,1,1.1,0.454,0,0.823,8,0.132
Otis Birdsong\birdsot01,0.01,25,71,36.5,24.6,3.6,3.3,1.3,0.3,0.544,0.286,0.697,8.2,0.152
Micheal Ray Richardson\richami01,0.01,25,79,40.2,16.4,6.9,7.9,2.9,0.4,0.469,0.225,0.663,6.9,0.104
Truck Robinson\robintr01,0.009,29,82,37.7,18.8,9.6,2.5,0.8,0.5,0.505,0,0.629,7.6,0.119
Reggie Theus\theusre01,0.009,23,82,34.4,18.9,3.5,5.2,1.5,0.2,0.495,0.2,0.809,9.2,0.156
Norm Nixon\nixonno01,0.007,25,79,37.5,17.1,2.9,8.8,1.8,0.1,0.476,0.167,0.778,5.5,0.089
Artis Gilmore\gilmoar01,0.006,31,82,34.5,17.9,10.1,2.1,0.6,2.4,0.67,0,0.705,12.3,0.208
Bob Lanier\laniebo01,0.006,32,67,26.2,14.3,6.2,2.7,1.1,1.2,0.525,1,0.751,6.8,0.185
Michael Cooper\coopemi01,0.004,24,81,32.4,9.4,4.1,4.1,1.6,1,0.491,0.211,0.785,5,0.092
Walter Davis\daviswa03,0.004,26,78,28,18,2.6,3.9,1.2,0.2,0.539,0.412,0.836,7.1,0.157
George Johnson\johnsge02,0.004,32,82,23.6,5,7.3,1.1,0.6,3.4,0.473,0,0.734,4.5,0.112
Bobby Jones\jonesbo01,0.004,29,81,25.3,13.5,5.4,2.8,1.2,0.9,0.539,0,0.813,9.2,0.217
Mike Mitchell\mitchmi01,0.004,25,82,39,24.5,6.1,1.7,0.8,0.6,0.476,0.444,0.784,6,0.091
James Silas\silasja01,0.004,31,75,27.4,17.7,3.1,3.8,0.7,0.2,0.477,0,0.85,7,0.164
Quinn Buckner\bucknqu01,0.001,26,82,29.1,13.3,3.6,4.7,2.4,0,0.493,0.167,0.734,5.4,0.108
Caldwell Jones\jonesca01,0.001,30,81,32.6,7.2,10,1.5,0.7,1.7,0.449,0,0.767,5.5,0.1
Moses Malone\malonmo01,0.735,26,81,42,31.1,14.7,1.8,0.9,1.5,0.519,0,0.762,15.4,0.218
Larry Bird\birdla01,0.588,25,77,38,22.9,10.9,5.8,1.9,0.9,0.503,0.212,0.863,12.5,0.205
Julius Erving\ervinju01,0.294,31,81,34.4,24.4,6.9,3.9,2,1.7,0.546,0.273,0.763,13.3,0.229
Robert Parish\parisro01,0.19,28,80,31.7,19.9,10.8,1.8,0.9,2.4,0.542,0,0.71,10,0.19
Gus Williams\willigu01,0.167,28,80,36,23.4,3.1,6.9,2.2,0.5,0.486,0.225,0.734,10.2,0.171
George Gervin\gervige01,0.159,29,79,35.7,32.3,5,2.4,1,0.6,0.5,0.278,0.864,10.7,0.182
Sidney Moncrief\moncrsi01,0.146,24,80,37.3,19.8,6.7,4.8,1.7,0.3,0.523,0.071,0.817,13.4,0.216
Magic Johnson\johnsma02,0.097,22,78,38.3,18.6,9.6,9.5,2.7,0.4,0.537,0.207,0.76,12.9,0.207
Jack Sikma\sikmaja01,0.048,26,82,37.2,19.6,12.7,3.4,1.2,1.3,0.479,0.154,0.855,12.6,0.199
Kareem Abdul-Jabbar\abdulka01,0.045,34,76,35.2,23.9,8.7,3,0.8,2.7,0.579,0,0.706,10.7,0.192
Dan Roundfield\roundda01,0.02,28,61,36.3,18.6,11.8,2.7,1,1.5,0.466,0.2,0.76,6.5,0.141
Kelly Tripucka\tripuke01,0.02,22,82,37.5,21.6,5.4,3.3,1.1,0.2,0.496,0.227,0.797,7.5,0.117
Alex English\englial01,0.017,28,82,36.8,25.4,6.8,5.3,1.1,1.5,0.551,0,0.84,9.5,0.152
Bernard King\kingbe01,0.014,25,79,36.2,23.2,5.9,3.6,1,0.3,0.566,0.2,0.705,8.7,0.147
Adrian Dantley\dantlad01,0.01,26,81,39.8,30.3,6.3,4,1.2,0.2,0.57,0.333,0.792,12.6,0.187
Ray Williams\willira01,0.009,27,82,33.3,20.4,4,6,2.4,0.5,0.462,0.167,0.832,7.9,0.139
Michael Cooper\coopemi01,0.004,25,76,28.9,11.9,3.5,3,1.6,0.8,0.517,0.118,0.813,5,0.109
Dan Issel\isselda01,0.004,33,81,30.5,22.9,7.5,2.2,0.8,0.7,0.527,0.667,0.834,9.8,0.19
Marques Johnson\johnsma01,0.004,25,60,31.7,16.5,6.1,3.6,1,0.6,0.532,0,0.7,6.2,0.158
Isiah Thomas\thomais01,0.004,20,72,33.8,17,2.9,7.8,2.1,0.2,0.424,0.288,0.704,2.3,0.046
Dennis Johnson\johnsde01,0.001,27,80,36.7,19.5,5.1,4.6,1.3,0.7,0.47,0.19,0.806,8.1,0.132
Mychal Thompson\thompmy01,0.001,27,79,39.6,20.8,11.7,4,0.9,1.4,0.523,0,0.628,8.2,0.125
Jay Vincent\vinceja01,0.001,22,81,32.4,21.4,7,2.2,1.1,0.3,0.497,0.25,0.716,5.6,0.102
Jamaal Wilkes\wilkeja01,0.001,28,82,35.4,21.1,4.8,1.7,1.1,0.3,0.525,0,0.732,7.7,0.127
Buck Williams\willibu01,0.001,21,82,34.5,15.5,12.3,1.3,1,1,0.582,0,0.624,8.9,0.152
Moses Malone\malonmo01,0.96,27,78,37.5,24.5,15.3,1.3,1.1,2,0.501,0,0.761,15.1,0.248
Larry Bird\birdla01,0.485,26,79,37.7,23.6,11,5.8,1.9,0.9,0.504,0.286,0.84,14,0.225
Magic Johnson\johnsma02,0.406,23,79,36.8,16.8,8.6,10.5,2.2,0.6,0.548,0,0.8,12.5,0.207
Sidney Moncrief\moncrsi01,0.301,25,76,35.7,22.5,5.8,3.9,1.5,0.3,0.524,0.1,0.826,13.2,0.233
Julius Erving\ervinju01,0.149,32,72,33.6,21.4,6.8,3.7,1.6,1.8,0.517,0.286,0.759,10.9,0.217
Alex English\englial01,0.056,29,82,36.4,28.4,7.3,4.8,1.4,1.5,0.516,0.167,0.829,10.3,0.166
Buck Williams\willibu01,0.053,22,82,36.1,17,12.5,1.5,1.1,1.3,0.588,0,0.62,11.4,0.185
Artis Gilmore\gilmoar01,0.044,33,82,34.1,18,12,1.5,0.5,2.3,0.626,0,0.74,11,0.189
George Gervin\gervige01,0.04,30,78,36.3,26.2,4.6,3.4,1.1,0.9,0.487,0.364,0.853,9.4,0.159
Kareem Abdul-Jabbar\abdulka01,0.02,35,79,32.3,21.8,7.5,2.5,0.8,2.2,0.588,0,0.749,10.9,0.205
Jack Sikma\sikmaja01,0.017,27,75,34.2,18.2,11.4,3.1,1.2,0.9,0.464,0,0.837,9.8,0.183
Jeff Ruland\rulanje01,0.016,24,79,36.2,19.4,11,3,0.9,1,0.552,0.333,0.689,10.1,0.169
Terry Cummings\cummite01,0.013,21,70,36.2,23.7,10.6,2.5,1.8,0.9,0.523,0,0.709,8.7,0.164
Maurice Lucas\lucasma01,0.012,30,77,33.6,16.5,10.4,2.8,0.7,0.6,0.474,0.333,0.781,7.1,0.132
Alton Lister\listeal01,0.007,24,80,23.6,8.4,7.1,1.4,0.6,2.2,0.529,0,0.537,3.8,0.096
Bernard King\kingbe01,0.005,26,68,32.5,21.9,4.8,2.9,1.3,0.2,0.528,0,0.722,7.5,0.163
Isiah Thomas\thomais01,0.005,21,81,38.2,22.9,4,7.8,2.5,0.4,0.472,0.288,0.71,7.4,0.115
Larry Drew\drewla01,0.004,24,75,35.9,20.1,2.8,8.1,1.7,0.1,0.492,0.125,0.82,7.2,0.128
Gus Williams\willigu01,0.004,29,80,34.5,20,2.6,8,2.3,0.3,0.477,0.047,0.751,8.5,0.148
Dan Roundfield\roundda01,0.003,29,77,36.5,19,11.4,2.9,0.8,1.5,0.47,0.185,0.749,7.4,0.127
Marques Johnson\johnsma01,0.002,26,80,35.7,21.4,7,4.5,1.3,0.7,0.509,0.2,0.735,10.7,0.18
Norm Nixon\nixonno01,0.001,27,79,34.3,15.1,2.6,7.2,1.3,0.1,0.475,0,0.744,3.9,0.069
Kiki Vandeweghe\vandeki01,0.001,24,82,35.5,26.7,5.3,2.5,0.8,0.5,0.547,0.294,0.875,11,0.182
Larry Bird\birdla01,0.858,27,79,38.3,24.2,10.1,6.6,1.8,0.9,0.492,0.247,0.888,13.6,0.215
Bernard King\kingbe01,0.491,27,77,34.6,26.3,5.1,2.1,1,0.2,0.572,0,0.779,12.1,0.218
Magic Johnson\johnsma02,0.401,24,67,38.3,17.6,7.3,13.1,2.2,0.7,0.565,0.207,0.81,10.2,0.191
Kareem Abdul-Jabbar\abdulka01,0.201,36,80,32.8,21.5,7.3,2.6,0.7,1.8,0.578,0,0.723,8.9,0.163
Isiah Thomas\thomais01,0.151,22,82,36.7,21.3,4,11.1,2.5,0.4,0.462,0.338,0.733,9.1,0.144
Julius Erving\ervinju01,0.129,33,77,34.8,22.4,6.9,4,1.8,1.8,0.512,0.333,0.754,10.1,0.18
Adrian Dantley\dantlad01,0.116,28,79,37.8,30.6,5.7,3.9,0.8,0.1,0.558,0.25,0.859,14.6,0.235
Sidney Moncrief\moncrsi01,0.092,26,79,38.9,20.9,6.7,4.5,1.4,0.3,0.498,0.278,0.848,12.7,0.198
Jeff Ruland\rulanje01,0.05,25,75,41.1,22.2,12.3,3.9,0.9,1,0.579,0.143,0.733,9.3,0.144
Moses Malone\malonmo01,0.046,28,71,36.8,22.7,13.4,1.4,1,1.5,0.483,0,0.75,9.5,0.175
Mark Aguirre\aguirma01,0.037,24,79,36.7,29.5,5.9,4.5,1,0.3,0.524,0.268,0.749,9,0.149
Bill Laimbeer\laimbbi01,0.012,26,82,34.9,17.3,12.2,1.8,0.6,1,0.53,0,0.866,10.8,0.181
Rickey Green\greenri01,0.011,29,81,34.2,13.2,2.8,9.2,2.7,0.2,0.486,0.118,0.821,7.9,0.138
World B. Free\freewo01,0.001,30,75,31.7,22.3,2.9,3,1.3,0.1,0.445,0.319,0.784,5.3,0.107
Marques Johnson\johnsma01,0.001,27,74,36.7,20.7,6.5,4.3,1.6,0.6,0.502,0.154,0.709,8.6,0.152
Larry Bird\birdla01,0.978,28,80,39.5,28.7,10.5,6.6,1.6,1.2,0.522,0.427,0.882,15.7,0.238
Magic Johnson\johnsma02,0.338,25,77,36.1,18.3,6.2,12.6,1.5,0.3,0.561,0.189,0.843,12.7,0.22
Moses Malone\malonmo01,0.279,29,79,37.4,24.6,13.1,1.6,0.8,1.6,0.469,0,0.815,11.9,0.193
Kareem Abdul-Jabbar\abdulka01,0.264,37,79,33.3,22,7.9,3.2,0.8,2.1,0.599,0,0.732,11.2,0.204
Terry Cummings\cummite01,0.177,23,79,34.5,23.6,9.1,2.9,1.5,0.8,0.495,0,0.741,10.7,0.189
Michael Jordan\jordami01,0.172,21,82,38.3,28.2,6.5,5.9,2.4,0.8,0.515,0.173,0.845,14,0.213
Bernard King\kingbe01,0.09,28,55,37.5,32.9,5.8,3.7,1.3,0.3,0.53,0.1,0.772,7.1,0.166
Sidney Moncrief\moncrsi01,0.083,27,73,37.5,21.7,5.4,5.2,1.6,0.5,0.483,0.273,0.828,11.2,0.197
Isiah Thomas\thomais01,0.081,23,81,38.1,21.2,4.5,13.9,2.3,0.3,0.458,0.257,0.809,11.2,0.173
Ralph Sampson\sampsra01,0.033,24,82,37.6,22.1,10.4,2.7,1,2,0.502,0,0.676,6.2,0.096
Calvin Natt\nattca01,0.028,28,78,34.1,23.3,7.8,3.1,1,0.4,0.546,0,0.793,10.2,0.185
Alex English\englial01,0.015,31,81,36.1,27.9,5.7,4.2,1.2,0.6,0.518,0.2,0.829,8.9,0.146
Hakeem Olajuwon\olajuha01,0.015,22,82,35.5,20.6,11.9,1.4,1.2,2.7,0.538,0,0.613,10.2,0.168
Micheal Ray Richardson\richami01,0.014,29,82,38.1,20.1,5.6,8.2,3,0.3,0.469,0.252,0.767,8.7,0.134
Andrew Toney\toneyan01,0.006,27,70,32,17.8,2.5,5.2,0.9,0.3,0.492,0.371,0.862,5.5,0.118
Mark Eaton\eatonma01,0.005,28,82,34.3,9.7,11.3,1.5,0.4,5.6,0.449,0,0.712,5.4,0.093
Paul Pressey\presspa01,0.004,26,80,36,16.1,5.4,6.8,1.6,0.7,0.517,0.35,0.758,9.6,0.16
Jack Sikma\sikmaja01,0.004,29,68,35.3,18.5,10.6,4.2,1.2,1.3,0.489,0.2,0.852,8.3,0.166
Dominique Wilkins\wilkido01,0.004,25,81,37.3,27.4,6.9,2.5,1.7,0.7,0.451,0.309,0.806,7.6,0.121
World B. Free\freewo01,0.003,31,71,31.7,22.5,3,4.5,1.1,0.2,0.459,0.368,0.749,6,0.127
Purvis Short\shortpu01,0.003,27,78,39.5,28,5.1,3,1.5,0.3,0.46,0.313,0.817,6.2,0.097
Clyde Drexler\drexlcl01,0.001,22,80,31.9,17.2,6,5.5,2.2,0.9,0.494,0.216,0.759,7.5,0.141
Julius Erving\ervinju01,0.001,34,78,32.5,20,5.3,3,1.7,1.4,0.494,0.214,0.765,7.6,0.144
Larry Bird\birdla01,0.981,29,82,38,25.8,9.8,6.8,2,0.6,0.496,0.423,0.896,15.8,0.244
Dominique Wilkins\wilkido01,0.522,26,78,39.1,30.3,7.9,2.6,1.8,0.6,0.468,0.186,0.818,10.8,0.17
Magic Johnson\johnsma02,0.263,26,72,35.8,18.8,5.9,12.6,1.6,0.2,0.526,0.233,0.871,12.1,0.226
Hakeem Olajuwon\olajuha01,0.247,23,68,36.3,23.5,11.5,2,2,3.4,0.526,0,0.645,9.5,0.186
Kareem Abdul-Jabbar\abdulka01,0.173,38,79,33.3,23.4,6.1,3.5,0.8,1.6,0.564,0,0.765,10.8,0.197
Charles Barkley\barklch01,0.171,22,80,36.9,20,12.8,3.9,2.2,1.6,0.572,0.227,0.685,10.8,0.176
Sidney Moncrief\moncrsi01,0.072,28,73,35.2,20.2,4.6,4.9,1.4,0.2,0.489,0.32,0.859,11.7,0.219
Alex English\englial01,0.071,32,81,37.3,29.8,5,4,0.9,0.4,0.504,0.2,0.862,9.8,0.156
Isiah Thomas\thomais01,0.036,24,77,36.2,20.9,3.6,10.8,2.2,0.3,0.488,0.31,0.79,8.8,0.151
Moses Malone\malonmo01,0.027,30,74,36.6,23.8,11.8,1.2,0.9,1,0.458,0,0.787,8.9,0.157
Terry Cummings\cummite01,0.012,24,82,32.5,19.8,8.5,2.4,1.5,0.6,0.474,0,0.656,7.4,0.133
James Worthy\worthja01,0.009,24,75,32.7,20,5.2,2.7,1.1,1,0.579,0,0.771,9.5,0.185
Kevin McHale\mchalke01,0.004,28,68,35.3,21.3,8.1,2.7,0.4,2,0.574,0,0.776,11,0.22
Paul Pressey\presspa01,0.004,27,80,33.8,14.3,5,7.8,2.1,0.9,0.488,0.182,0.806,9.8,0.174
Alvin Robertson\roberal01,0.004,23,82,35.1,17,6.3,5.5,3.7,0.5,0.514,0.276,0.795,8.6,0.143
Adrian Dantley\dantlad01,0.003,30,76,36.1,29.8,5.2,3.5,0.8,0.1,0.563,0.091,0.791,12.8,0.223
Buck Williams\willibu01,0.003,25,82,37.4,15.9,12,1.6,0.9,1.2,0.523,0,0.676,6.8,0.106
Dennis Johnson\johnsde01,0.001,31,78,35,15.6,3.4,5.8,1.4,0.4,0.455,0.143,0.818,6.7,0.118
Magic Johnson\johnsma02,0.94,27,80,36.3,23.9,6.3,12.2,1.7,0.5,0.522,0.205,0.848,15.9,0.263
Michael Jordan\jordami01,0.576,23,82,40,37.1,5.2,4.6,2.9,1.5,0.482,0.182,0.857,16.9,0.247
Larry Bird\birdla01,0.347,30,74,40.6,28.1,9.2,7.6,1.8,0.9,0.525,0.4,0.91,15.2,0.243
Kevin McHale\mchalke01,0.326,29,77,39.7,26.1,9.9,2.6,0.5,2.2,0.604,0,0.836,14.8,0.232
Dominique Wilkins\wilkido01,0.164,27,79,37.6,29,6.3,3.3,1.5,0.6,0.463,0.292,0.818,12.2,0.197
Charles Barkley\barklch01,0.145,23,68,40.3,23,14.6,4.9,1.8,1.5,0.594,0.202,0.761,12,0.21
Hakeem Olajuwon\olajuha01,0.036,24,75,36.8,23.4,11.4,2.9,1.9,3.4,0.508,0.2,0.702,10.9,0.189
Isiah Thomas\thomais01,0.022,25,81,37.2,20.6,3.9,10,1.9,0.2,0.463,0.194,0.768,7.6,0.121
Fat Lever\leverfa01,0.014,26,82,37.2,18.9,8.9,8,2.5,0.4,0.469,0.239,0.782,9.7,0.153
Moses Malone\malonmo01,0.012,31,73,34.1,24.1,11.3,1.6,0.8,1.3,0.454,0,0.824,9.4,0.182
Steve Johnson\johnsst03,0.005,29,79,29.7,16.8,7.2,2,0.6,1,0.556,0,0.698,4.4,0.091
Karl Malone\malonka01,0.004,23,82,34.8,21.7,10.4,1.9,1.3,0.7,0.512,0,0.598,6.9,0.116
Robert Parish\parisro01,0.004,33,80,37.4,17.5,10.6,2.2,0.8,1.8,0.556,0,0.735,9.2,0.147
Alex English\englial01,0.003,33,82,37.6,28.6,4.2,5.1,0.9,0.3,0.503,0.267,0.844,8.1,0.126
Mark Aguirre\aguirma01,0.001,27,80,33.3,25.7,5.3,3.2,1.1,0.4,0.495,0.353,0.77,8.9,0.16
Rolando Blackman\blackro01,0.001,27,80,34.5,21,3.5,3.3,0.8,0.3,0.495,0.333,0.884,8,0.14
Joe Barry Carroll\carrojo01,0.001,28,81,33.6,21.2,7.3,2.6,1.1,1.5,0.472,0,0.787,4.6,0.082
Michael Jordan\jordami01,0.831,24,82,40.4,35,5.5,5.9,3.2,1.6,0.535,0.132,0.841,21.2,0.308
Larry Bird\birdla01,0.659,31,76,39,29.9,9.3,6.1,1.6,0.8,0.527,0.414,0.916,15,0.243
Magic Johnson\johnsma02,0.635,28,72,36.6,19.6,6.2,11.9,1.6,0.2,0.492,0.196,0.853,10.9,0.199
Charles Barkley\barklch01,0.136,24,80,39.6,28.3,11.9,3.2,1.3,1.3,0.587,0.28,0.751,16.7,0.253
Clyde Drexler\drexlcl01,0.108,25,81,37.8,27,6.6,5.8,2.5,0.6,0.506,0.212,0.811,13.2,0.207
Dominique Wilkins\wilkido01,0.069,28,78,37.8,30.7,6.4,2.9,1.3,0.6,0.464,0.295,0.826,9.8,0.16
Hakeem Olajuwon\olajuha01,0.05,25,79,35.8,22.8,12.1,2.1,2.1,2.7,0.514,0,0.695,10.7,0.182
Karl Malone\malonka01,0.045,24,82,39,27.7,12,2.4,1.4,0.6,0.52,0,0.7,10.1,0.152
Fat Lever\leverfa01,0.033,27,82,37.3,18.9,8.1,7.8,2.7,0.3,0.473,0.211,0.785,10.4,0.163
John Stockton\stockjo01,0.019,25,82,34.7,14.7,2.9,13.8,3,0.2,0.574,0.358,0.84,14.1,0.238
Alex English\englial01,0.005,34,80,35.2,25,4.7,4.7,0.9,0.3,0.495,0,0.828,7.6,0.129
Isiah Thomas\thomais01,0.004,26,81,36.1,19.5,3.4,8.4,1.7,0.2,0.463,0.309,0.774,7.6,0.124
Mark Jackson\jacksma01,0.003,22,82,39.6,13.6,4.8,10.6,2.5,0.1,0.432,0.254,0.774,7.6,0.113
Michael Adams\adamsmi01,0.001,25,82,33.9,13.9,2.7,6.1,2,0.2,0.449,0.367,0.834,7.5,0.13
Mark Aguirre\aguirma01,0.001,28,77,33.9,25.1,5.6,3.6,0.9,0.7,0.475,0.302,0.77,8.8,0.163
Adrian Dantley\dantlad01,0.001,32,69,31.1,20,3.3,2.5,0.6,0.1,0.514,0,0.86,9.4,0.21
Buck Williams\willibu01,0.001,27,70,37.7,18.3,11.9,1.6,1,0.6,0.56,1,0.668,7.6,0.138
Magic Johnson\johnsma02,0.782,29,77,37.5,22.5,7.9,12.8,1.8,0.3,0.509,0.314,0.911,16.1,0.267
Michael Jordan\jordami01,0.704,25,81,40.2,32.5,8,8,2.9,0.8,0.538,0.276,0.85,19.8,0.292
Karl Malone\malonka01,0.426,25,80,39.1,29.1,10.7,2.7,1.8,0.9,0.519,0.313,0.766,15.2,0.233
Patrick Ewing\ewingpa01,0.235,26,80,36.2,22.7,9.3,2.4,1.5,3.5,0.567,0,0.746,10.9,0.181
Hakeem Olajuwon\olajuha01,0.211,26,82,36.9,24.8,13.5,1.8,2.6,3.4,0.508,0,0.696,12.4,0.197
Charles Barkley\barklch01,0.111,25,79,39.1,25.8,12.5,4.1,1.6,0.8,0.579,0.216,0.753,16.1,0.25
John Stockton\stockjo01,0.033,26,82,38.7,17.1,3,13.6,3.2,0.2,0.538,0.242,0.863,15.6,0.236
Kevin Johnson\johnske02,0.026,22,81,39.2,20.4,4.2,12.2,1.7,0.3,0.505,0.091,0.882,12.2,0.184
Tom Chambers\chambto01,0.024,29,81,37.1,25.7,8.4,2.9,1.1,0.7,0.471,0.326,0.851,9.2,0.146
Mark Price\pricema01,0.021,24,75,36.4,18.9,3,8.4,1.5,0.1,0.526,0.441,0.901,11.3,0.199
Brad Daugherty\daughbr01,0.005,23,78,36.2,18.9,9.2,3.7,0.8,0.5,0.538,0.333,0.737,9.6,0.164
Robert Parish\parisro01,0.005,35,80,35.5,18.6,12.5,2.2,1,1.5,0.57,0,0.719,10.5,0.177
Mark Eaton\eatonma01,0.004,32,82,35.5,6.2,10.3,1,0.5,3.8,0.462,0,0.66,6.6,0.108
Moses Malone\malonmo01,0.004,33,81,35.5,20.2,11.8,1.4,1,1.2,0.491,0,0.789,10.7,0.178
Chris Mullin\mullich01,0.004,25,82,37.7,26.5,5.9,5.1,2.1,0.5,0.509,0.23,0.892,10.6,0.165
Larry Nance\nancela01,0.004,29,73,34.6,17.2,8,2.2,0.8,2.8,0.539,0,0.799,10.3,0.197
Terry Cummings\cummite01,0.001,27,80,35.3,22.9,8.1,2.5,1.3,0.9,0.467,0.467,0.787,7.7,0.131
Joe Dumars\dumarjo01,0.001,25,69,34.9,17.2,2.5,5.7,0.9,0.1,0.505,0.483,0.85,7,0.14
Isiah Thomas\thomais01,0.001,27,80,36.6,18.2,3.4,8.3,1.7,0.3,0.464,0.273,0.818,7,0.115
Magic Johnson\johnsma02,0.691,30,79,37.2,22.3,6.6,11.5,1.7,0.4,0.48,0.384,0.89,16.5,0.27
Charles Barkley\barklch01,0.667,26,79,39.1,25.2,11.5,3.9,1.9,0.6,0.6,0.217,0.749,17.3,0.269
Michael Jordan\jordami01,0.613,26,82,39,33.6,6.9,6.3,2.8,0.7,0.526,0.376,0.848,19,0.285
Karl Malone\malonka01,0.233,26,82,38.1,31,11.1,2.8,1.5,0.6,0.562,0.372,0.762,15.9,0.245
Patrick Ewing\ewingpa01,0.176,27,82,38.6,28.6,10.9,2.2,1,4,0.551,0.25,0.775,13.5,0.205
David Robinson\robinda01,0.111,24,82,36.6,24.3,12,2,1.7,3.9,0.531,0,0.732,15.1,0.241
Hakeem Olajuwon\olajuha01,0.07,27,82,38.1,24.3,14,2.9,2.1,4.6,0.501,0.167,0.713,11.2,0.173
Tom Chambers\chambto01,0.013,30,81,37.6,27.2,7,2.3,1.1,0.6,0.501,0.279,0.861,11.2,0.176
John Stockton\stockjo01,0.01,27,78,37.4,17.2,2.6,14.5,2.7,0.2,0.514,0.416,0.819,14.4,0.238
Larry Bird\birdla01,0.005,33,75,39.3,24.3,9.5,7.5,1.4,0.8,0.473,0.333,0.93,9.5,0.154
Buck Williams\willibu01,0.005,29,82,34.2,13.6,9.8,1.4,0.8,0.5,0.548,0,0.706,8.7,0.149
Clyde Drexler\drexlcl01,0.003,27,73,36.8,23.3,6.9,5.9,2,0.7,0.494,0.283,0.774,11.6,0.208
Joe Dumars\dumarjo01,0.001,26,75,34.4,17.8,2.8,4.9,0.8,0,0.48,0.4,0.9,8.7,0.162
Isiah Thomas\thomais01,0.001,28,81,37,18.4,3.8,9.4,1.7,0.2,0.438,0.309,0.775,6.7,0.107
Michael Jordan\jordami01,0.928,27,82,37,31.5,6,5.5,2.7,1,0.539,0.312,0.851,20.3,0.321
Magic Johnson\johnsma02,0.518,31,79,37.1,19.4,7,12.5,1.3,0.2,0.477,0.32,0.906,15.4,0.251
David Robinson\robinda01,0.496,25,82,37.7,25.6,13,2.5,1.5,3.9,0.552,0.143,0.762,17,0.264
Charles Barkley\barklch01,0.231,27,67,37.3,27.6,10.1,4.2,1.6,0.5,0.57,0.284,0.722,13.4,0.258
Karl Malone\malonka01,0.148,27,82,40.3,29,11.8,3.3,1.1,1,0.527,0.286,0.77,15.5,0.225
Clyde Drexler\drexlcl01,0.078,28,82,34.8,21.5,6.7,6,1.8,0.7,0.482,0.319,0.794,12.4,0.209
Kevin Johnson\johnske02,0.033,24,77,36,22.2,3.5,10.1,2.1,0.1,0.516,0.205,0.843,12.7,0.22
Dominique Wilkins\wilkido01,0.03,31,81,38,25.9,9,3.3,1.5,0.8,0.47,0.341,0.829,11.4,0.177
Larry Bird\birdla01,0.026,34,60,38,19.4,8.5,7.2,1.8,1,0.454,0.389,0.891,6.6,0.14
Terry Porter\portete01,0.026,27,81,32.9,17,3.5,8,2,0.1,0.515,0.415,0.823,13,0.235
Patrick Ewing\ewingpa01,0.021,28,81,38.3,26.6,11.2,3,1,3.2,0.514,0,0.745,10,0.155
John Stockton\stockjo01,0.016,28,82,37.8,17.2,2.9,14.2,2.9,0.2,0.507,0.345,0.836,14,0.217
Isiah Thomas\thomais01,0.011,29,48,34.5,16.2,3.3,9.3,1.6,0.2,0.435,0.292,0.782,3.4,0.098
Robert Parish\parisro01,0.01,37,81,30.1,14.9,10.6,0.8,0.8,1.3,0.598,0,0.767,10,0.198
Joe Dumars\dumarjo01,0.008,27,80,38.1,20.4,2.3,5.5,1.1,0.1,0.481,0.311,0.89,9.9,0.155
Bernard King\kingbe01,0.007,34,64,37.5,28.4,5,4.6,0.9,0.3,0.472,0.216,0.79,3.5,0.07
Kenny Smith\smithke01,0.005,25,78,34.6,17.7,2.1,7.1,1.4,0.1,0.52,0.363,0.844,9,0.161
Hakeem Olajuwon\olajuha01,0.004,28,56,36.8,21.2,13.8,2.3,2.2,3.9,0.508,0,0.769,8.6,0.201
Tim Hardaway\hardati01,0.001,24,82,39.2,22.9,4,9.7,2.6,0.1,0.476,0.385,0.803,9.9,0.148
Kevin McHale\mchalke01,0.001,33,68,30.4,18.4,7.1,1.9,0.4,2.1,0.553,0.405,0.829,7.9,0.182
Michael Jordan\jordami01,0.938,28,80,38.8,30.1,6.4,6.1,2.3,0.9,0.519,0.27,0.832,17.7,0.274
Clyde Drexler\drexlcl01,0.584,29,76,36.2,25,6.6,6.7,1.8,0.9,0.47,0.337,0.794,12.8,0.223
David Robinson\robinda01,0.351,26,68,37.7,23.2,12.2,2.7,2.3,4.5,0.551,0.125,0.701,13.9,0.26
Karl Malone\malonka01,0.273,28,81,37.7,28,11.2,3,1.3,0.6,0.526,0.176,0.778,15.1,0.237
Patrick Ewing\ewingpa01,0.104,29,82,38.4,24,11.2,1.9,1.1,3,0.522,0.167,0.738,13,0.198
Chris Mullin\mullich01,0.084,28,81,41.3,25.6,5.6,3.5,2.1,0.8,0.524,0.366,0.833,10.8,0.155
Mark Price\pricema01,0.069,27,72,29.7,17.3,2.4,7.4,1.3,0.2,0.488,0.387,0.947,9.1,0.205
Tim Hardaway\hardati01,0.067,25,81,41.1,23.4,3.8,10,2,0.2,0.461,0.338,0.766,9.2,0.132
Scottie Pippen\pippesc01,0.033,26,82,38.6,21,7.7,7,1.9,1.1,0.506,0.2,0.76,12.7,0.192
Dennis Rodman\rodmade01,0.027,30,82,40.3,9.8,18.7,2.3,0.8,0.9,0.539,0.317,0.6,12.6,0.183
Brad Daugherty\daughbr01,0.025,26,73,36.2,21.5,10.4,3.6,0.9,1.1,0.57,0,0.777,11.7,0.213
Charles Barkley\barklch01,0.019,28,75,38.4,23.1,11.1,4.1,1.8,0.6,0.552,0.234,0.695,12.3,0.205
John Stockton\stockjo01,0.019,29,82,36.6,15.8,3.3,13.7,3,0.3,0.482,0.407,0.842,13.4,0.215
Larry Bird\birdla01,0.003,35,45,36.9,20.2,9.6,6.8,0.9,0.7,0.466,0.406,0.926,5.5,0.159
Kevin Johnson\johnske02,0.002,25,78,37.2,19.7,3.7,10.7,1.5,0.3,0.479,0.217,0.807,10,0.165
Danny Manning\mannida01,0.001,25,82,35.4,19.3,6.9,3.5,1.6,1.5,0.542,0,0.725,9.8,0.162
Detlef Schrempf\schrede01,0.001,29,80,32.6,17.3,9.6,3.9,0.8,0.5,0.536,0.324,0.828,9.8,0.181
Charles Barkley\barklch01,0.852,29,76,37.6,25.6,12.2,5.1,1.6,1,0.52,0.305,0.765,14.4,0.242
Hakeem Olajuwon\olajuha01,0.66,30,82,39.5,26.1,13,3.5,1.8,4.2,0.529,0,0.779,15.8,0.234
Michael Jordan\jordami01,0.577,29,78,39.3,32.6,6.7,5.5,2.8,0.8,0.495,0.352,0.837,17.2,0.27
Patrick Ewing\ewingpa01,0.366,30,81,37.1,24.2,12.1,1.9,0.9,2,0.503,0.143,0.719,10.6,0.17
Dominique Wilkins\wilkido01,0.055,33,71,37.3,29.9,6.8,3.2,1,0.4,0.468,0.38,0.828,10.5,0.191
David Robinson\robinda01,0.034,27,82,39.2,23.4,11.7,3.7,1.5,3.2,0.501,0.176,0.732,13.2,0.197
Shaquille O'Neal\onealsh01,0.031,20,81,37.9,23.4,13.9,1.9,0.7,3.5,0.562,0,0.592,10.4,0.163
Karl Malone\malonka01,0.01,29,82,37.8,27,11.2,3.8,1.5,1,0.552,0.2,0.74,15.4,0.238
Mark Price\pricema01,0.01,28,75,31.7,18.2,2.7,8,1.2,0.1,0.484,0.416,0.948,9.8,0.197
Brad Daugherty\daughbr01,0.001,27,71,37.9,20.2,10.2,4.4,0.7,0.8,0.571,0.5,0.795,12.7,0.226
Clyde Drexler\drexlcl01,0.001,30,49,34.1,19.9,6.3,5.7,1.9,0.8,0.429,0.233,0.839,6,0.171
Joe Dumars\dumarjo01,0.001,29,77,40.2,23.5,1.9,4,1,0.1,0.466,0.375,0.864,9.1,0.141
Shawn Kemp\kempsh01,0.001,23,78,33.1,17.8,10.7,2,1.5,1.9,0.492,0,0.712,9.1,0.169
John Stockton\stockjo01,0.001,30,82,34.9,15.1,2.9,12,2.4,0.3,0.486,0.385,0.798,10.6,0.177
Hakeem Olajuwon\olajuha01,0.88,31,80,41,27.3,11.9,3.6,1.6,3.7,0.528,0.421,0.716,14.3,0.21
David Robinson\robinda01,0.723,28,80,40.5,29.8,10.7,4.8,1.7,3.3,0.507,0.345,0.749,20,0.296
Scottie Pippen\pippesc01,0.386,28,72,38.3,22,8.7,5.6,2.9,0.8,0.491,0.32,0.66,11.2,0.194
Shaquille O'Neal\onealsh01,0.286,21,81,39.8,29.3,13.2,2.4,0.9,2.9,0.599,0,0.554,16.9,0.252
Patrick Ewing\ewingpa01,0.252,31,79,37.6,24.5,11.2,2.3,1.1,2.7,0.496,0.286,0.765,13.1,0.211
Gary Payton\paytoga01,0.02,25,82,35.1,16.5,3.3,6,2.3,0.2,0.504,0.278,0.595,9.3,0.155
Shawn Kemp\kempsh01,0.017,24,79,32.9,18.1,10.8,2.6,1.8,2.1,0.538,0.25,0.741,11.7,0.216
Karl Malone\malonka01,0.017,30,82,40.6,25.2,11.5,4,1.5,1.5,0.497,0.25,0.694,13.4,0.193
Mark Price\pricema01,0.007,29,76,31.4,17.3,3,7.8,1.4,0.1,0.478,0.397,0.888,10,0.201
Charles Barkley\barklch01,0.005,30,65,35.4,21.6,11.2,4.6,1.6,0.6,0.495,0.27,0.704,8.8,0.185
Mookie Blaylock\blaylmo01,0.001,26,81,36,13.8,5.2,9.7,2.6,0.5,0.411,0.334,0.73,10.2,0.168
Kevin Johnson\johnske02,0.001,27,67,36.6,20,2.5,9.5,1.9,0.1,0.487,0.222,0.819,8.7,0.17
Dennis Rodman\rodmade01,0.001,32,79,37.8,4.7,17.3,2.3,0.7,0.4,0.534,0.208,0.52,8.7,0.14
Latrell Sprewell\sprewla01,0.001,23,82,43.1,21,4.9,4.7,2.2,0.9,0.433,0.361,0.774,8,0.108
John Stockton\stockjo01,0.001,31,82,36.2,15.1,3.1,12.6,2.4,0.3,0.528,0.322,0.805,13.2,0.214
Dominique Wilkins\wilkido01,0.001,34,74,35.6,26,6.5,2.3,1.2,0.4,0.44,0.288,0.847,8.4,0.153
Kevin Willis\willike02,0.001,31,80,35.8,19.1,12,1.9,1,0.5,0.499,0.375,0.713,10.2,0.17
David Robinson\robinda01,0.858,29,81,38,27.6,10.8,2.9,1.7,3.2,0.53,0.3,0.774,17.5,0.273
Shaquille O'Neal\onealsh01,0.576,22,79,37,29.3,11.4,2.7,0.9,2.4,0.583,0,0.533,14,0.23
Karl Malone\malonka01,0.507,31,82,38.1,26.7,10.6,3.5,1.6,1,0.536,0.268,0.742,13.8,0.212
Patrick Ewing\ewingpa01,0.219,32,79,37,23.9,11,2.7,0.9,2,0.503,0.286,0.75,9.6,0.157
Hakeem Olajuwon\olajuha01,0.14,32,72,39.6,27.8,10.8,3.5,1.8,3.4,0.517,0.188,0.756,10.7,0.181
Charles Barkley\barklch01,0.091,31,68,35,23,11.1,4.1,1.6,0.7,0.486,0.338,0.748,10.6,0.214
Scottie Pippen\pippesc01,0.079,29,79,38.2,21.4,8.1,5.2,2.9,1.1,0.48,0.345,0.716,11.8,0.188
John Stockton\stockjo01,0.045,32,82,35,14.7,3.1,12.3,2.4,0.3,0.542,0.449,0.804,13.9,0.233
Gary Payton\paytoga01,0.032,26,82,36.8,20.6,3.4,7.1,2.5,0.2,0.509,0.302,0.716,11.7,0.187
Anfernee Hardaway\hardaan01,0.022,23,77,37.7,20.9,4.4,7.2,1.7,0.3,0.512,0.349,0.769,10.7,0.177
Michael Jordan\jordami01,0.011,31,17,39.3,26.9,6.9,5.3,1.8,0.8,0.411,0.5,0.801,2.3,0.167
Dennis Rodman\rodmade01,0.009,33,49,32,7.1,16.8,2,0.6,0.5,0.571,0,0.676,5.8,0.178
Jason Kidd\kiddja01,0.007,21,79,33.8,11.7,5.4,7.7,1.9,0.3,0.385,0.272,0.698,3.7,0.066
Clyde Drexler\drexlcl01,0.003,32,76,35.9,21.8,6.3,4.8,1.8,0.6,0.461,0.36,0.824,11.7,0.206
Cedric Ceballos\cebalce01,0.001,25,58,35,21.7,8,1.8,1,0.3,0.509,0.397,0.716,5.2,0.123
Michael Jordan\jordami01,0.986,32,82,37.7,30.4,6.6,4.3,2.2,0.5,0.495,0.427,0.834,20.4,0.317
David Robinson\robinda01,0.508,30,82,36.8,25,12.2,3,1.4,3.3,0.516,0.333,0.761,18.3,0.29
Anfernee Hardaway\hardaan01,0.319,24,82,36.8,21.7,4.3,7.1,2,0.5,0.513,0.314,0.767,14.4,0.229
Hakeem Olajuwon\olajuha01,0.211,33,72,38.8,26.9,10.9,3.6,1.6,2.9,0.514,0.214,0.724,9.7,0.166
Scottie Pippen\pippesc01,0.2,30,77,36.7,19.4,6.4,5.9,1.7,0.7,0.463,0.374,0.679,12.3,0.209
Gary Payton\paytoga01,0.087,27,81,39,19.3,4.2,7.5,2.9,0.2,0.484,0.328,0.748,11.5,0.174
Karl Malone\malonka01,0.075,32,82,38,25.7,9.8,4.2,1.7,0.7,0.519,0.4,0.723,15.1,0.233
Shawn Kemp\kempsh01,0.065,26,79,33.3,19.6,11.4,2.2,1.2,1.6,0.561,0.417,0.742,11.2,0.205
Grant Hill\hillgr01,0.056,23,80,40.8,20.2,9.8,6.9,1.3,0.6,0.462,0.192,0.751,11.7,0.172
Shaquille O'Neal\onealsh01,0.056,23,54,36,26.6,11,2.9,0.6,2.1,0.573,0.5,0.487,6.9,0.171
John Stockton\stockjo01,0.011,33,82,35.5,14.7,2.8,11.2,1.7,0.2,0.538,0.422,0.83,13,0.214
Charles Barkley\barklch01,0.007,32,71,37.1,23.2,11.6,3.7,1.6,0.8,0.5,0.28,0.777,10.5,0.191
Magic Johnson\johnsma02,0.007,36,32,29.9,14.6,5.7,6.9,0.8,0.4,0.466,0.379,0.856,3.6,0.181
Alonzo Mourning\mournal01,0.005,25,70,38.2,23.2,10.4,2.3,1,2.7,0.523,0.3,0.685,9.9,0.178
Dennis Rodman\rodmade01,0.004,34,64,32.6,5.5,14.9,2.5,0.6,0.4,0.48,0.111,0.528,6.2,0.143
Terrell Brandon\brandte01,0.003,25,75,34.3,19.3,3.3,6.5,1.8,0.4,0.465,0.387,0.887,12.7,0.237
Mitch Richmond\richmmi01,0.003,30,81,36.4,23.1,3.3,3.1,1.5,0.2,0.447,0.437,0.866,9.3,0.151
Karl Malone\malonka01,0.857,33,82,36.6,27.4,9.9,4.5,1.4,0.6,0.55,0,0.755,16.7,0.268
Michael Jordan\jordami01,0.832,33,82,37.9,29.6,5.9,4.3,1.7,0.5,0.486,0.374,0.833,18.3,0.283
Grant Hill\hillgr01,0.327,24,80,39.3,21.4,9,7.3,1.8,0.6,0.496,0.303,0.711,14.6,0.223
Tim Hardaway\hardati01,0.207,30,81,38.7,20.3,3.4,8.6,1.9,0.1,0.415,0.344,0.799,12.9,0.198
Glen Rice\ricegl01,0.117,29,79,42.6,26.8,4,2,0.9,0.3,0.477,0.47,0.867,10.8,0.154
Gary Payton\paytoga01,0.091,28,82,39.2,21.8,4.6,7.1,2.4,0.2,0.476,0.313,0.715,12.9,0.193
Hakeem Olajuwon\olajuha01,0.083,34,78,36.6,23.2,9.2,3,1.5,2.2,0.51,0.313,0.787,9.1,0.154
Patrick Ewing\ewingpa01,0.05,34,78,37,22.4,10.7,2,0.9,2.4,0.488,0.222,0.754,9.8,0.163
Anthony Mason\masonan01,0.006,30,73,43.1,16.2,11.4,5.7,1,0.5,0.525,0.333,0.745,11.4,0.173
Shaquille O'Neal\onealsh01,0.006,24,51,38.1,26.2,12.5,3.1,0.9,2.9,0.557,0,0.484,8,0.197
Scottie Pippen\pippesc01,0.005,31,82,37.7,20.2,6.5,5.7,1.9,0.5,0.474,0.368,0.701,13.1,0.203
Alonzo Mourning\mournal01,0.004,26,66,35.2,19.8,9.9,1.6,0.8,2.9,0.534,0.111,0.642,8.4,0.174
Dikembe Mutombo\mutomdi01,0.003,30,80,37.2,13.3,11.6,1.4,0.6,3.3,0.527,,0.705,11.3,0.183
Mitch Richmond\richmmi01,0.003,31,81,38.6,25.9,3.9,4.2,1.5,0.3,0.454,0.428,0.861,10.8,0.166
John Stockton\stockjo01,0.003,34,82,35.3,14.4,2.8,10.5,2,0.2,0.548,0.422,0.846,13.6,0.226
Charles Barkley\barklch01,0.002,33,53,37.9,19.2,13.5,4.7,1.3,0.5,0.484,0.283,0.694,9.4,0.224
Tom Gugliotta\guglito01,0.001,27,81,38.7,20.6,8.7,4.1,1.6,1.1,0.442,0.258,0.82,6.7,0.103
Allen Iverson\iversal01,0.001,21,76,40.1,23.5,4.1,7.5,2.1,0.3,0.416,0.341,0.702,4.1,0.065
Kevin Johnson\johnske02,0.001,30,70,38,20.1,3.6,9.3,1.5,0.2,0.496,0.441,0.852,11.7,0.211
Steve Smith\smithst01,0.001,27,72,39.1,20.1,3.3,4.2,0.9,0.3,0.429,0.335,0.847,9.1,0.154
Michael Jordan\jordami01,0.934,34,82,38.8,28.7,5.8,3.5,1.7,0.5,0.465,0.238,0.784,15.8,0.238
Karl Malone\malonka01,0.726,34,81,37.4,27,10.3,3.9,1.2,0.9,0.53,0.333,0.761,16.4,0.259
Gary Payton\paytoga01,0.372,29,82,38.4,19.2,4.6,8.3,2.3,0.2,0.453,0.338,0.744,12.5,0.19
Shaquille O'Neal\onealsh01,0.268,25,60,36.3,28.3,11.4,2.4,0.7,2.4,0.584,0,0.527,10.2,0.224
Tim Duncan\duncati01,0.128,21,82,39.1,21.1,11.9,2.7,0.7,2.5,0.549,0,0.662,12.8,0.192
Tim Hardaway\hardati01,0.061,31,81,37.4,18.9,3.7,8.3,1.7,0.2,0.431,0.351,0.781,11.7,0.185
David Robinson\robinda01,0.031,32,73,33.7,21.6,10.6,2.7,0.9,2.6,0.511,0.25,0.735,13.8,0.269
Vin Baker\bakervi01,0.021,26,82,35.9,19.2,8,1.9,1.1,1,0.542,0.143,0.591,10.4,0.169
Grant Hill\hillgr01,0.02,25,81,40.7,21.1,7.7,6.8,1.8,0.7,0.452,0.143,0.74,10.2,0.149
Scottie Pippen\pippesc01,0.012,32,44,37.5,19.1,5.2,5.8,1.8,1,0.447,0.318,0.777,6.6,0.193
Glen Rice\ricegl01,0.006,30,82,40.2,22.3,4.3,2.2,0.9,0.3,0.457,0.433,0.849,9.3,0.136
Antoine Walker\walkean02,0.005,21,82,39.9,22.4,10.2,3.3,1.7,0.7,0.423,0.312,0.645,4.7,0.07
Jason Kidd\kiddja01,0.004,24,82,38,11.6,6.2,9.1,2,0.3,0.416,0.313,0.799,8,0.123
John Stockton\stockjo01,0.004,35,64,29,12,2.6,8.5,1.4,0.2,0.528,0.429,0.827,8,0.206
Mitch Richmond\richmmi01,0.003,32,70,36.7,23.2,3.3,4,1.3,0.2,0.445,0.389,0.864,7.9,0.148
Reggie Miller\millere01,0.002,32,81,34.5,19.5,2.9,2.1,1,0.1,0.477,0.429,0.868,12,0.206
Rik Smits\smitsri01,0.002,31,73,28.6,16.7,6.9,1.4,0.5,1.2,0.495,0,0.783,6.1,0.141
Michael Finley\finlemi01,0.001,24,82,41.4,21.5,5.3,4.9,1.6,0.4,0.449,0.357,0.784,7.5,0.106
Rod Strickland\stricro02,0.001,31,76,39.7,17.8,5.3,10.5,1.7,0.3,0.434,0.25,0.726,8.1,0.129
Karl Malone\malonka01,0.701,35,49,37.4,23.8,9.4,4.1,1.3,0.6,0.493,0,0.788,9.6,0.252
Alonzo Mourning\mournal01,0.655,28,46,38.1,20.1,11,1.6,0.7,3.9,0.511,0,0.652,7.9,0.216
Tim Duncan\duncati01,0.627,22,50,39.3,21.7,11.4,2.4,0.9,2.5,0.495,0.143,0.69,8.7,0.213
Allen Iverson\iversal01,0.27,23,48,41.5,26.8,4.9,4.6,2.3,0.1,0.412,0.291,0.751,7.2,0.173
Jason Kidd\kiddja01,0.135,25,50,41.2,16.9,6.8,10.8,2.3,0.4,0.444,0.366,0.757,8.1,0.188
Shaquille O'Neal\onealsh01,0.075,26,49,34.8,26.3,10.7,2.3,0.7,1.7,0.576,0,0.54,9,0.255
Chris Webber\webbech01,0.043,25,42,40.9,20,13,4.1,1.4,2.1,0.486,0.118,0.454,3.6,0.102
Grant Hill\hillgr01,0.033,26,50,37,21.1,7.1,6,1.6,0.5,0.479,0,0.752,7.3,0.189
Gary Payton\paytoga01,0.03,30,50,40.2,21.7,4.9,8.7,2.2,0.2,0.434,0.295,0.721,7.2,0.172
Kevin Garnett\garneke01,0.008,22,47,37.9,20.8,10.4,4.3,1.7,1.8,0.46,0.286,0.704,5.4,0.146
Shawn Kemp\kempsh01,0.006,29,42,35.1,20.5,9.2,2.4,1.1,1.1,0.482,0.5,0.789,6.3,0.205
David Robinson\robinda01,0.005,33,49,31.7,15.8,10,2.1,1.4,2.4,0.509,0,0.658,8.4,0.261
Hakeem Olajuwon\olajuha01,0.003,36,50,35.7,18.9,9.6,1.8,1.6,2.5,0.514,0.308,0.717,6.5,0.175
Arvydas Sabonis\sabonar01,0.003,34,50,27,12.1,7.9,2.4,0.7,1.3,0.485,0.292,0.771,5.8,0.207
Darrell Armstrong\armstda01,0.002,30,50,30,13.8,3.6,6.7,2.2,0.1,0.441,0.365,0.904,6.4,0.205
Vince Carter\cartevi01,0.001,22,50,35.2,18.3,5.7,3,1.1,1.5,0.45,0.288,0.761,5,0.136
Anfernee Hardaway\hardaan01,0.001,27,50,38.9,15.8,5.7,5.3,2.2,0.5,0.42,0.286,0.706,5,0.122
Mark Jackson\jacksma01,0.001,33,49,28.2,7.6,3.8,7.9,0.9,0.1,0.419,0.311,0.823,3.8,0.134
Glenn Robinson\robingl01,0.001,26,47,33.6,18.4,5.9,2.1,1,0.9,0.459,0.392,0.87,4,0.122
Steve Smith\smithst01,0.001,29,36,36.5,18.7,4.2,3.3,1,0.3,0.402,0.338,0.849,4.4,0.162
Rasheed Wallace\wallara01,0.001,24,49,28.9,12.8,4.9,1.2,1,1.1,0.508,0.419,0.732,5,0.169
Shaquille O'Neal\onealsh01,0.998,27,79,40,29.7,13.6,3.8,0.5,3,0.574,0,0.524,18.6,0.283
Kevin Garnett\garneke01,0.337,23,81,40,22.9,11.8,5,1.5,1.6,0.497,0.37,0.765,11.6,0.172
Alonzo Mourning\mournal01,0.303,29,79,34.8,21.7,9.5,1.6,0.5,3.7,0.551,0,0.711,12.9,0.226
Karl Malone\malonka01,0.258,36,82,35.9,25.5,9.5,3.7,1,0.9,0.509,0.25,0.797,15.3,0.249
Tim Duncan\duncati01,0.205,23,74,38.9,23.2,12.4,3.2,0.9,2.2,0.49,0.091,0.761,13,0.218
Gary Payton\paytoga01,0.149,31,82,41.8,24.2,6.5,8.9,1.9,0.2,0.448,0.34,0.735,13.9,0.195
Allen Iverson\iversal01,0.109,24,70,40.8,28.4,3.8,4.7,2.1,0.1,0.421,0.341,0.713,6.9,0.116
Grant Hill\hillgr01,0.093,27,74,37.5,25.8,6.6,5.2,1.4,0.6,0.489,0.347,0.795,10.7,0.185
Chris Webber\webbech01,0.079,26,75,38.4,24.5,10.5,4.6,1.6,1.7,0.483,0.284,0.751,10.7,0.179
Vince Carter\cartevi01,0.042,23,82,38.1,25.7,5.8,3.9,1.3,1.1,0.465,0.403,0.791,11.8,0.182
Jason Kidd\kiddja01,0.021,26,67,39,14.3,7.2,10.1,2,0.4,0.409,0.337,0.829,8.5,0.156
Kobe Bryant\bryanko01,0.002,21,66,38.2,22.5,6.3,4.9,1.6,0.9,0.468,0.319,0.821,10.6,0.202
Darrell Armstrong\armstda01,0.001,31,82,31.6,16.2,3.3,6.1,2.1,0.1,0.433,0.34,0.911,8,0.149
Michael Finley\finlemi01,0.001,26,82,42.2,22.6,6.3,5.3,1.3,0.4,0.457,0.401,0.82,8.3,0.114
Reggie Miller\millere01,0.001,34,81,36.9,18.1,3,2.3,1,0.3,0.448,0.408,0.919,10.1,0.162
Jalen Rose\roseja01,0.001,27,80,37.2,18.2,4.8,4,1.1,0.6,0.471,0.393,0.827,7.3,0.118
Allen Iverson\iversal01,0.904,25,71,42,31.1,3.8,4.6,2.5,0.3,0.42,0.32,0.814,11.8,0.19
Tim Duncan\duncati01,0.569,24,82,38.7,22.2,12.2,3,0.9,2.3,0.499,0.259,0.618,13.2,0.2
Shaquille O'Neal\onealsh01,0.466,28,74,39.5,28.7,12.7,3.7,0.6,2.8,0.572,0,0.513,14.9,0.245
Chris Webber\webbech01,0.42,27,70,40.5,27.1,11.1,4.2,1.3,1.7,0.481,0.071,0.703,11,0.186
Kevin Garnett\garneke01,0.122,24,81,39.5,22,11.4,5,1.4,1.8,0.477,0.288,0.764,11.8,0.176
Tracy McGrady\mcgratr01,0.052,21,77,40.1,26.8,7.5,4.6,1.5,1.5,0.457,0.355,0.733,12.2,0.189
Karl Malone\malonka01,0.017,37,81,35.7,23.2,8.3,4.5,1.1,0.8,0.498,0.4,0.793,13.1,0.217
Jason Kidd\kiddja01,0.015,27,77,39.8,16.9,6.4,9.8,2.2,0.3,0.411,0.297,0.814,9.6,0.15
Kobe Bryant\bryanko01,0.009,22,68,40.9,28.5,5.9,5,1.7,0.6,0.464,0.305,0.853,11.3,0.196
David Robinson\robinda01,0.006,35,80,29.6,14.4,8.6,1.5,1,2.5,0.486,0,0.747,12.1,0.246
Ray Allen\allenra02,0.006,25,82,38.2,22,5.2,4.6,1.5,0.2,0.48,0.433,0.888,13.7,0.211
Vince Carter\cartevi01,0.006,24,75,39.7,27.6,5.5,3.9,1.5,1.1,0.46,0.408,0.765,12.9,0.208
Paul Pierce\piercpa01,0.004,23,82,38,25.3,6.4,3.1,1.7,0.8,0.454,0.383,0.745,10.4,0.16
Jerry Stackhouse\stackje01,0.002,26,80,40.2,29.8,3.9,5.1,1.2,0.7,0.402,0.351,0.822,9.2,0.137
Michael Finley\finlemi01,0.001,27,82,42,21.5,5.2,4.4,1.4,0.4,0.458,0.346,0.775,8.5,0.119
Anthony Mason\masonan01,0.001,34,80,40.7,16.1,9.6,3.1,1,0.3,0.482,0,0.781,11.6,0.171
John Stockton\stockjo01,0.001,38,82,29.2,11.5,2.8,8.7,1.6,0.3,0.504,0.462,0.817,10.8,0.216
Tim Duncan\duncati01,0.757,25,82,40.6,25.5,12.7,3.7,0.7,2.5,0.508,0.1,0.799,17.8,0.257
Jason Kidd\kiddja01,0.712,28,82,37.3,14.7,7.3,9.9,2.1,0.2,0.391,0.321,0.814,8.9,0.14
Shaquille O'Neal\onealsh01,0.552,29,67,36.1,27.2,10.7,3,0.6,2,0.579,0,0.555,13.2,0.262
Tracy McGrady\mcgratr01,0.31,22,76,38.3,25.6,7.9,5.3,1.6,1,0.451,0.364,0.748,11.5,0.189
Kobe Bryant\bryanko01,0.078,23,80,38.3,25.2,5.5,5.5,1.5,0.4,0.469,0.25,0.829,12.7,0.199
Gary Payton\paytoga01,0.043,33,82,40.3,22.1,4.8,9,1.6,0.3,0.467,0.314,0.797,12.6,0.183
Chris Webber\webbech01,0.029,28,54,38.4,24.5,10.1,4.8,1.7,1.4,0.495,0.263,0.749,8.6,0.2
Dirk Nowitzki\nowitdi01,0.025,23,76,38,23.4,9.9,2.4,1.1,1,0.477,0.397,0.853,13.4,0.222
Allen Iverson\iversal01,0.023,26,60,43.7,31.4,4.5,5.5,2.8,0.2,0.398,0.291,0.812,6.9,0.126
Ben Wallace\wallabe01,0.019,27,80,36.5,7.6,13,1.4,1.7,3.5,0.531,0,0.423,11.6,0.19
Paul Pierce\piercpa01,0.017,24,82,40.3,26.1,6.9,3.2,1.9,1,0.442,0.404,0.809,12.9,0.187
Kevin Garnett\garneke01,0.013,25,81,39.2,21.2,12.1,5.2,1.2,1.6,0.47,0.319,0.801,12.8,0.194
Michael Jordan\jordami01,0.013,38,60,34.9,22.9,5.7,5.2,1.4,0.4,0.416,0.189,0.79,3.3,0.075
Steve Nash\nashst01,0.004,27,82,34.6,17.9,3.1,7.7,0.6,0,0.483,0.455,0.887,9.9,0.167
Jerry Stackhouse\stackje01,0.002,27,76,35.3,21.4,4.1,5.3,1,0.5,0.397,0.287,0.858,5.8,0.104
Mike Bibby\bibbymi01,0.001,23,80,33.2,13.7,2.8,5,1.1,0.2,0.453,0.37,0.803,6.3,0.113
Elton Brand\brandel01,0.001,22,80,37.8,18.2,11.6,2.4,1,2,0.527,0,0.742,13.6,0.216
Peja Stojaković\stojape01,0.001,24,71,37.3,21.2,5.3,2.5,1.1,0.2,0.484,0.416,0.876,9.9,0.179
Tim Duncan\duncati01,0.808,26,81,39.3,23.3,12.9,3.9,0.7,2.9,0.513,0.273,0.71,16.5,0.248
Kevin Garnett\garneke01,0.732,26,82,40.5,23,13.4,6,1.4,1.6,0.502,0.282,0.751,15.6,0.225
Kobe Bryant\bryanko01,0.417,24,82,41.5,30,6.9,5.9,2.2,0.8,0.451,0.383,0.843,14.9,0.21
Tracy McGrady\mcgratr01,0.359,23,75,39.4,32.1,6.5,5.5,1.7,0.8,0.457,0.386,0.793,16.1,0.262
Shaquille O'Neal\onealsh01,0.106,30,67,37.8,27.5,11.1,3.1,0.6,2.4,0.574,0,0.622,13.2,0.25
Allen Iverson\iversal01,0.07,27,82,42.5,27.6,4.2,5.5,2.7,0.2,0.414,0.277,0.774,9.2,0.127
Dirk Nowitzki\nowitdi01,0.036,24,80,39,25.1,9.9,3,1.4,1,0.463,0.379,0.881,16.1,0.249
Ben Wallace\wallabe01,0.028,28,73,39.4,6.9,15.4,1.6,1.4,3.2,0.481,0.167,0.45,10.6,0.176
Jason Kidd\kiddja01,0.026,29,80,37.4,18.7,6.3,8.9,2.2,0.3,0.414,0.341,0.841,11.3,0.182
Chris Webber\webbech01,0.016,29,67,39.1,23,10.5,5.4,1.6,1.3,0.461,0.238,0.607,6.9,0.127
Jamal Mashburn\mashbja01,0.001,30,82,40.5,21.6,6.1,5.6,1,0.2,0.422,0.389,0.848,9,0.13
Steve Nash\nashst01,0.001,28,82,33.1,17.7,2.9,7.3,1,0.1,0.465,0.413,0.909,11.6,0.206
Paul Pierce\piercpa01,0.001,25,79,39.2,25.9,7.3,4.4,1.8,0.8,0.416,0.302,0.802,10.1,0.157
Kevin Garnett\garneke01,0.991,27,82,39.4,24.2,13.9,5,1.5,2.2,0.499,0.256,0.791,18.3,0.272
Tim Duncan\duncati01,0.582,27,69,36.6,22.3,12.4,3.1,0.9,2.7,0.501,0.167,0.599,13.1,0.249
Jermaine O'Neal\onealje01,0.425,25,78,35.7,20.1,10,2.1,0.8,2.6,0.434,0.111,0.757,9,0.155
Peja Stojaković\stojape01,0.228,26,81,40.3,24.2,6.3,2.1,1.3,0.2,0.48,0.433,0.927,13.5,0.198
Kobe Bryant\bryanko01,0.172,25,65,37.6,24,5.5,5.1,1.7,0.4,0.438,0.327,0.852,10.7,0.21
Shaquille O'Neal\onealsh01,0.145,31,67,36.8,21.5,11.5,2.9,0.5,2.5,0.584,0,0.49,9.9,0.192
Ben Wallace\wallabe01,0.02,29,81,37.7,9.5,12.4,1.7,1.8,3,0.421,0.125,0.49,10.2,0.16
Jason Kidd\kiddja01,0.014,30,67,36.6,15.5,6.4,9.2,1.8,0.2,0.384,0.321,0.827,7.2,0.141
LeBron James\jamesle01,0.009,19,79,39.5,20.9,5.5,5.9,1.6,0.7,0.417,0.29,0.754,5.1,0.078
Sam Cassell\cassesa01,0.003,34,81,35,19.8,3.3,7.3,1.3,0.2,0.488,0.398,0.873,12.1,0.205
Baron Davis\davisba01,0.003,24,67,40.1,22.9,4.3,7.5,2.4,0.4,0.395,0.321,0.673,7.5,0.133
Dirk Nowitzki\nowitdi01,0.003,25,77,37.9,21.8,8.7,2.7,1.2,1.4,0.462,0.341,0.877,11.5,0.19
Andrei Kirilenko\kirilan01,0.002,22,78,37.1,16.5,8.1,3.1,1.9,2.8,0.443,0.338,0.79,11.6,0.192
Carmelo Anthony\anthoca01,0.001,19,82,36.5,21,6.1,2.8,1.2,0.5,0.426,0.322,0.777,6.1,0.098
Yao Ming\mingya01,0.001,23,82,32.8,17.5,9,1.5,0.3,1.9,0.522,0,0.809,11.4,0.202
Michael Redd\reddmi01,0.001,24,82,36.8,21.7,5,2.3,1,0.1,0.44,0.35,0.868,9.7,0.154
